{
    "utterances": [
        {
            "text": "come here",
            "entities": [],
            "traits": [],
            "intent": "come_here"
        },
        {
            "text": "fetch",
            "entities": [],
            "traits": [],
            "intent": "fetch_object"
        },
        {
            "text": "move backward",
            "entities": [],
            "traits": [],
            "intent": "move_backward"
        },
        {
            "text": "move forward",
            "entities": [],
            "traits": [],
            "intent": "move_forward"
        },
        {
            "text": "move left",
            "entities": [],
            "traits": [],
            "intent": "move_left"
        },
        {
            "text": "move right",
            "entities": [],
            "traits": [],
            "intent": "move_right"
        },
        {
            "text": "sit",
            "entities": [],
            "traits": [],
            "intent": "sit_dog"
        },
        {
            "text": "sit down",
            "entities": [],
            "traits": [],
            "intent": "sit_dog"
        },
        {
            "text": "stop",
            "entities": [],
            "traits": [],
            "intent": "stop_dog"
        },
        {
            "text": "wag",
            "entities": [],
            "traits": [],
            "intent": "wag_tail"
        },
        {
            "text": "walk",
            "entities": [],
            "traits": [],
            "intent": "walk_dog"
        }
    ]
}
