{
    "name": "wagtail_entity",
    "roles": [
        "wagtail_entity"
    ],
    "lookups": [
        "free-text",
        "keywords"
    ],
    "keywords": [
        {
            "keyword": "fetch",
            "synonyms": [
                "fetch"
            ]
        },
        {
            "keyword": "happy",
            "synonyms": [
                "happy"
            ]
        },
        {
            "keyword": "hi",
            "synonyms": [
                "hi"
            ]
        },
        {
            "keyword": "treat",
            "synonyms": [
                "treat"
            ]
        },
        {
            "keyword": "you happy",
            "synonyms": [
                "you happy"
            ]
        },
        {
            "keyword": "you wanna go outside?",
            "synonyms": [
                "you wanna go outside?"
            ]
        }
    ]
}
