{
    "utterances": [
        {
            "text": "angry",
            "entities": [
                {
                    "entity": "angry_entity:angry_entity",
                    "start": 0,
                    "end": 5,
                    "body": "angry",
                    "entities": []
                }
            ],
            "traits": [],
            "intent": "bark_intent"
        },
        {
            "text": "come",
            "entities": [
                {
                    "entity": "come_entity:come_entity",
                    "start": 0,
                    "end": 4,
                    "body": "come",
                    "entities": []
                }
            ],
            "traits": [],
            "intent": "come_intent"
        },
        {
            "text": "come here",
            "entities": [],
            "traits": [],
            "intent": "come_intent"
        },
        {
            "text": "do you want to play",
            "entities": [],
            "traits": [],
            "intent": "wagtail_intent"
        },
        {
            "text": "eat",
            "entities": [
                {
                    "entity": "eat_entity:eat_entity",
                    "start": 0,
                    "end": 3,
                    "body": "eat",
                    "entities": []
                }
            ],
            "traits": [],
            "intent": "eat_intent"
        },
        {
            "text": "happy",
            "entities": [],
            "traits": [],
            "intent": "wagtail_intent"
        },
        {
            "text": "hi",
            "entities": [
                {
                    "entity": "wagtail_entity:wagtail_entity",
                    "start": 0,
                    "end": 2,
                    "body": "hi",
                    "entities": []
                }
            ],
            "traits": [],
            "intent": "wagtail_intent"
        },
        {
            "text": "sit",
            "entities": [],
            "traits": [],
            "intent": "sit_intent"
        },
        {
            "text": "sit please",
            "entities": [
                {
                    "entity": "sit_entity:sit_entity",
                    "start": 0,
                    "end": 10,
                    "body": "sit please",
                    "entities": []
                }
            ],
            "traits": [],
            "intent": "sit_intent"
        },
        {
            "text": "speak",
            "entities": [],
            "traits": [],
            "intent": "bark_intent"
        },
        {
            "text": "treat",
            "entities": [
                {
                    "entity": "wagtail_entity:wagtail_entity",
                    "start": 0,
                    "end": 5,
                    "body": "treat",
                    "entities": []
                }
            ],
            "traits": [],
            "intent": "wagtail_intent"
        },
        {
            "text": "treats",
            "entities": [],
            "traits": [],
            "intent": "come_intent"
        },
        {
            "text": "you happy",
            "entities": [
                {
                    "entity": "wagtail_entity:wagtail_entity",
                    "start": 0,
                    "end": 9,
                    "body": "you happy",
                    "entities": []
                }
            ],
            "traits": [],
            "intent": "wagtail_intent"
        }
    ]
}
